{
  "cancer": {
    "kNN": {
      "accuracy": 0.87136,
      "f1_macro": 0.872582026942311,
      "roc_auc": null
    },
    "SVM (RBF)": {
      "accuracy": 0.97778,
      "f1_macro": 0.9777817088190343,
      "roc_auc": null
    },
    "MLP (ReLU)": {
      "accuracy": 0.99308,
      "f1_macro": 0.9930748912025749,
      "roc_auc": null
    },
    "MLP (tanh)": {
      "accuracy": 0.99314,
      "f1_macro": 0.9931369828790962,
      "roc_auc": null
    }
  },
  "bankruptcy": {
    "kNN": {
      "accuracy": 0.9583516644669307,
      "f1_macro": 0.6462667788912562,
      "roc_auc": 0.6379530645139071
    },
    "SVM (RBF)": {
      "accuracy": 0.9347411643936061,
      "f1_macro": 0.6482625278991822,
      "roc_auc": 0.8863047431429004
    },
    "MLP (ReLU)": {
      "accuracy": 0.9649508725619592,
      "f1_macro": 0.6740124859058003,
      "roc_auc": 0.8628545647412142
    },
    "MLP (tanh)": {
      "accuracy": 0.9628977855990615,
      "f1_macro": 0.6685662744691213,
      "roc_auc": 0.8875504553031451
    }
  }
}